{
  "xgb": {
    "stage1": {
      "colsample_bytree": 0.7178890859338424,
      "learning_rate": 0.05025533437315931,
      "max_depth": 4,
      "n_estimators": 330,
      "reg_lambda": 3.185481559392535,
      "subsample": 0.9132738092610672
    },
    "stage2": {
      "colsample_bytree": 0.7001050304822327,
      "learning_rate": 0.020408556669704373,
      "max_depth": 7,
      "n_estimators": 394,
      "reg_lambda": 4.322165451780562,
      "subsample": 0.8833868483681004
    }
  },
  "catboost": {
    "stage1": {
      "depth": 7,
      "iterations": 479,
      "learning_rate": 0.07471658997996457
    },
    "stage2": {
      "depth": 5,
      "iterations": 364,
      "learning_rate": 0.04652909344843419
    }
  },
  "rf": {
    "stage1": {
      "max_depth": 18,
      "min_samples_leaf": 8,
      "n_estimators": 310
    },
    "stage2": {
      "max_depth": 17,
      "min_samples_leaf": 8,
      "n_estimators": 467
    }
  },
  "voting": {
    "xgb": {
      "stage1": {
        "colsample_bytree": 0.7178890859338424,
        "learning_rate": 0.05025533437315931,
        "max_depth": 4,
        "n_estimators": 330,
        "reg_lambda": 3.185481559392535,
        "subsample": 0.9132738092610672
      },
      "stage2": {
        "colsample_bytree": 0.9113290751415675,
        "learning_rate": 0.03547619888000282,
        "max_depth": 4,
        "n_estimators": 336,
        "reg_lambda": 0.2678807879190443,
        "subsample": 0.8113951934326099
      }
    },
    "catboost_ordinal": {
      "stage1": {
        "depth": 7,
        "iterations": 331,
        "learning_rate": 0.06661050680966696
      },
      "stage2": {
        "depth": 5,
        "iterations": 485,
        "learning_rate": 0.054664032068637694
      }
    }
  },
  "_tuning_meta": {
    "xgb": {
      "best_roc_auc_churn_pct": 69.36139947128697,
      "label": "fold_0"
    },
    "catboost": {
      "best_roc_auc_churn_pct": 70.15688768864298,
      "label": "fold_0"
    }
  }
}